Coleta de dados ;;;;;
ID da amostra;Diametro (mm);Altura (mm);Massa (g);Resistencia (kgf);Densidade (g/mm^2)
408;12.4;19.21;2.9;1021;0.001250079
409;12.46;21.97;3.33;924;0.001243049
410;12.43;23.33;3.5;918;0.001236292
411;12.42;24.62;3.73;848;0.001250512
